gene,logFC,direction_class,desired_direction,pathway,confidence
C1QA,0.9,pathogenic,-1,complement_cascade,0.85
C1QB,0.8,pathogenic,-1,complement_cascade,0.8
C1QC,0.8,pathogenic,-1,complement_cascade,0.8
C1S,0.5,pathogenic,-1,complement_cascade,0.65
C3,0.9,pathogenic,-1,complement_cascade,0.85
C5,0.5,pathogenic,-1,complement_cascade,0.7
C5AR1,0.7,pathogenic,-1,complement_cascade,0.75
CD55,-0.5,protective_deficit,1,complement_cascade,0.65
CD59,-0.6,protective_deficit,1,complement_cascade,0.7
FCGR1A,0.7,pathogenic,-1,autoantibody_fc_receptor,0.7
FCGR2A,0.6,pathogenic,-1,autoantibody_fc_receptor,0.65
FCGR3A,0.7,pathogenic,-1,autoantibody_fc_receptor,0.7
FCGR2B,-0.4,protective_deficit,1,autoantibody_fc_receptor,0.6
FCGRT,0.4,pathogenic,-1,autoantibody_fc_receptor,0.6
IGHG1,1.0,pathogenic,-1,autoantibody_fc_receptor,0.8
MS4A1,0.5,pathogenic,-1,autoantibody_fc_receptor,0.6
CD68,0.9,pathogenic,-1,macrophage_activation,0.85
CD163,0.8,pathogenic,-1,macrophage_activation,0.75
CSF1R,0.6,pathogenic,-1,macrophage_activation,0.65
AIF1,0.8,pathogenic,-1,macrophage_activation,0.8
ITGAM,0.6,pathogenic,-1,macrophage_activation,0.7
TNF,0.7,pathogenic,-1,t_cell_cytokine,0.8
IFNG,0.6,pathogenic,-1,t_cell_cytokine,0.7
IL6,0.8,pathogenic,-1,t_cell_cytokine,0.8
IL17A,0.5,pathogenic,-1,t_cell_cytokine,0.6
IL1B,0.7,pathogenic,-1,t_cell_cytokine,0.75
IL10,-0.4,protective_deficit,1,t_cell_cytokine,0.6
CCL2,0.8,pathogenic,-1,t_cell_cytokine,0.75
CXCL10,0.7,pathogenic,-1,t_cell_cytokine,0.7
FOXP3,-0.4,protective_deficit,1,t_cell_cytokine,0.6
S1PR1,0.4,pathogenic,-1,t_cell_cytokine,0.55
CLDN5,-0.6,protective_deficit,1,blood_nerve_barrier,0.75
OCLN,-0.5,protective_deficit,1,blood_nerve_barrier,0.65
ICAM1,0.7,pathogenic,-1,blood_nerve_barrier,0.75
VCAM1,0.7,pathogenic,-1,blood_nerve_barrier,0.75
MMP9,0.9,pathogenic,-1,blood_nerve_barrier,0.8
VEGFA,0.5,pathogenic,-1,blood_nerve_barrier,0.6
MPZ,-0.9,protective_deficit,1,schwann_myelin,0.85
PMP22,-0.8,protective_deficit,1,schwann_myelin,0.8
MBP,-0.8,protective_deficit,1,schwann_myelin,0.8
PRX,-0.5,protective_deficit,1,schwann_myelin,0.65
EGR2,-0.6,protective_deficit,1,schwann_myelin,0.7
SOX10,-0.4,protective_deficit,1,schwann_myelin,0.6
NRG1,-0.4,protective_deficit,1,schwann_myelin,0.6
GJB1,-0.4,protective_deficit,1,schwann_myelin,0.55
NFASC,-0.5,protective_deficit,1,nodal_paranodal,0.7
CNTN1,-0.5,protective_deficit,1,nodal_paranodal,0.65
CNTNAP1,-0.4,protective_deficit,1,nodal_paranodal,0.6
SCN8A,-0.4,protective_deficit,1,nodal_paranodal,0.65
KCNA1,0.4,pathogenic,-1,nodal_paranodal,0.6
ANK3,-0.4,protective_deficit,1,nodal_paranodal,0.6
NEFL,0.9,pathogenic,-1,axonal_degeneration_regeneration,0.9
SARM1,0.5,pathogenic,-1,axonal_degeneration_regeneration,0.65
NMNAT2,-0.5,protective_deficit,1,axonal_degeneration_regeneration,0.65
GAP43,0.8,compensatory,1,axonal_degeneration_regeneration,0.7
ATF3,1.0,compensatory,1,axonal_degeneration_regeneration,0.75
JUN,0.8,compensatory,1,axonal_degeneration_regeneration,0.7
GDNF,0.5,compensatory,1,axonal_degeneration_regeneration,0.6
NGF,0.5,compensatory,1,axonal_degeneration_regeneration,0.6
STMN2,-0.5,protective_deficit,1,axonal_degeneration_regeneration,0.65
UGCG,0.3,pathogenic,-1,ganglioside_synthesis,0.5
B4GALNT1,0.3,pathogenic,-1,ganglioside_synthesis,0.5
ST3GAL2,0.2,pathogenic,-1,ganglioside_synthesis,0.45
SCN9A,0.6,pathogenic,-1,neuropathic_pain_excitability,0.7
SCN10A,0.6,pathogenic,-1,neuropathic_pain_excitability,0.7
TRPV1,0.5,pathogenic,-1,neuropathic_pain_excitability,0.6
P2RX3,0.5,pathogenic,-1,neuropathic_pain_excitability,0.55
CACNA2D1,0.7,pathogenic,-1,neuropathic_pain_excitability,0.7
TRPA1,0.4,pathogenic,-1,neuropathic_pain_excitability,0.5
TLR4,0.6,pathogenic,-1,innate_toll_like,0.65
TLR2,0.5,pathogenic,-1,innate_toll_like,0.6
MYD88,0.5,pathogenic,-1,innate_toll_like,0.6
NLRP3,0.5,pathogenic,-1,innate_toll_like,0.6
NFKB1,0.5,pathogenic,-1,innate_toll_like,0.65
SOD2,-0.3,protective_deficit,1,oxidative_stress,0.55
NFE2L2,-0.3,protective_deficit,1,oxidative_stress,0.55
HMOX1,0.8,compensatory,1,oxidative_stress,0.7
NOS2,0.6,pathogenic,-1,oxidative_stress,0.65
